STATE, AGE  ,SEX,RECIPIENTS
AK   ,  <05 ,F  ,        84
AK   ,  <05 ,M  ,       128
AK   , 05-12,F  ,       196
AK   , 05-12,M  ,       407
AK   , 13-17,F  ,       154
AK   , 13-17,M  ,       270
AK   , 18-21,F  ,       242
AK   , 18-21,M  ,       388
AK   , 22-25,F  ,       270
AK   , 22-25,M  ,       359
AK   , 26-29,F  ,       226
AK   , 26-29,M  ,       317
AK   , 30-39,F  ,       523
AK   , 30-39,M  ,       497
AK   , 40-49,F  ,       994
AK   , 40-49,M  ,       668
AK   , 50-59,F  ,      1425
AK   , 50-59,M  ,      1109
AK   , 60-64,F  ,       534
AK   , 60-64,M  ,       420
AK   , 65-69,F  ,       502
AK   , 65-69,M  ,       314
AK   , 70-74,F  ,       428
AK   , 70-74,M  ,       293
AK   , 75+  ,F  ,      1028
AK   , 75+  ,M  ,       466
AL   ,  <05 ,F  ,      1994
AL   ,  <05 ,M  ,      2552
AL   , 05-12,F  ,      5106
AL   , 05-12,M  ,      9737
AL   , 13-17,F  ,      3569
AL   , 13-17,M  ,      7087
AL   , 18-21,F  ,      3286
AL   , 18-21,M  ,      4912
AL   , 22-25,F  ,      3014
AL   , 22-25,M  ,      3859
AL   , 26-29,F  ,      3203
AL   , 26-29,M  ,      3454
AL   , 30-39,F  ,     10206
AL   , 30-39,M  ,      7984
AL   , 40-49,F  ,     15911
AL   , 40-49,M  ,      9546
AL   , 50-59,F  ,     20686
AL   , 50-59,M  ,     13205
AL   , 60-64,F  ,      8308
AL   , 60-64,M  ,      4664
AL   , 65-69,F  ,      6062
AL   , 65-69,M  ,      3085
AL   , 70-74,F  ,      4672
AL   , 70-74,M  ,      2085
AL   , 75+  ,F  ,     11421
AL   , 75+  ,M  ,      2612
AR   ,  <05 ,F  ,      1857
AR   ,  <05 ,M  ,      2896
AR   , 05-12,F  ,      4764
AR   , 05-12,M  ,     10024
AR   , 13-17,F  ,      2550
AR   , 13-17,M  ,      4918
AR   , 18-21,F  ,      2241
AR   , 18-21,M  ,      3162
AR   , 22-25,F  ,      2122
AR   , 22-25,M  ,      2439
AR   , 26-29,F  ,      2226
AR   , 26-29,M  ,      2207
AR   , 30-39,F  ,      6143
AR   , 30-39,M  ,      4819
AR   , 40-49,F  ,      8894
AR   , 40-49,M  ,      5581
AR   , 50-59,F  ,     10575
AR   , 50-59,M  ,      6971
AR   , 60-64,F  ,      4226
AR   , 60-64,M  ,      2169
AR   , 65-69,F  ,      3124
AR   , 65-69,M  ,      1476
AR   , 70-74,F  ,      2445
AR   , 70-74,M  ,      1041
AR   , 75+  ,F  ,      6245
AR   , 75+  ,M  ,      1630
AZ   ,  <05 ,F  ,      1376
AZ   ,  <05 ,M  ,      1858
AZ   , 05-12,F  ,      3534
AZ   , 05-12,M  ,      7147
AZ   , 13-17,F  ,      2154
AZ   , 13-17,M  ,      4457
AZ   , 18-21,F  ,      2220
AZ   , 18-21,M  ,      3479
AZ   , 22-25,F  ,      2199
AZ   , 22-25,M  ,      2793
AZ   , 26-29,F  ,      2013
AZ   , 26-29,M  ,      2354
AZ   , 30-39,F  ,      5045
AZ   , 30-39,M  ,      4420
AZ   , 40-49,F  ,      7776
AZ   , 40-49,M  ,      5615
AZ   , 50-59,F  ,     10646
AZ   , 50-59,M  ,      7389
AZ   , 60-64,F  ,      4538
AZ   , 60-64,M  ,      2848
AZ   , 65-69,F  ,      4604
AZ   , 65-69,M  ,      2685
AZ   , 70-74,F  ,      4121
AZ   , 70-74,M  ,      2280
AZ   , 75+  ,F  ,      8516
AZ   , 75+  ,M  ,      3810
CA   ,  <05 ,F  ,      7821
CA   ,  <05 ,M  ,     11087
CA   , 05-12,F  ,     17791
CA   , 05-12,M  ,     36903
CA   , 13-17,F  ,     12586
CA   , 13-17,M  ,     25018
CA   , 18-21,F  ,     14405
CA   , 18-21,M  ,     22833
CA   , 22-25,F  ,     15309
CA   , 22-25,M  ,     21203
CA   , 26-29,F  ,     15167
CA   , 26-29,M  ,     19455
CA   , 30-39,F  ,     37125
CA   , 30-39,M  ,     41180
CA   , 40-49,F  ,     65647
CA   , 40-49,M  ,     61346
CA   , 50-59,F  ,    110472
CA   , 50-59,M  ,     90358
CA   , 60-64,F  ,     58603
CA   , 60-64,M  ,     40006
CA   , 65-69,F  ,     77797
CA   , 65-69,M  ,     49479
CA   , 70-74,F  ,     79983
CA   , 70-74,M  ,     49676
CA   , 75+  ,F  ,    186886
CA   , 75+  ,M  ,    100987
CO   ,  <05 ,F  ,       904
CO   ,  <05 ,M  ,      1114
CO   , 05-12,F  ,      1425
CO   , 05-12,M  ,      2773
CO   , 13-17,F  ,       866
CO   , 13-17,M  ,      1578
CO   , 18-21,F  ,      1339
CO   , 18-21,M  ,      1879
CO   , 22-25,F  ,      1392
CO   , 22-25,M  ,      1779
CO   , 26-29,F  ,      1303
CO   , 26-29,M  ,      1520
CO   , 30-39,F  ,      3231
CO   , 30-39,M  ,      2870
CO   , 40-49,F  ,      5125
CO   , 40-49,M  ,      3575
CO   , 50-59,F  ,      7487
CO   , 50-59,M  ,      5204
CO   , 60-64,F  ,      3180
CO   , 60-64,M  ,      1791
CO   , 65-69,F  ,      2758
CO   , 65-69,M  ,      1494
CO   , 70-74,F  ,      2426
CO   , 70-74,M  ,      1281
CO   , 75+  ,F  ,      5004
CO   , 75+  ,M  ,      2213
CT   ,  <05 ,F  ,       486
CT   ,  <05 ,M  ,       740
CT   , 05-12,F  ,      1226
CT   , 05-12,M  ,      2717
CT   , 13-17,F  ,       814
CT   , 13-17,M  ,      1967
CT   , 18-21,F  ,      1242
CT   , 18-21,M  ,      1855
CT   , 22-25,F  ,      1291
CT   , 22-25,M  ,      1552
CT   , 26-29,F  ,      1072
CT   , 26-29,M  ,      1269
CT   , 30-39,F  ,      2703
CT   , 30-39,M  ,      2292
CT   , 40-49,F  ,      4857
CT   , 40-49,M  ,      3365
CT   , 50-59,F  ,      6464
CT   , 50-59,M  ,      4441
CT   , 60-64,F  ,      2891
CT   , 60-64,M  ,      1610
CT   , 65-69,F  ,      2618
CT   , 65-69,M  ,      1165
CT   , 70-74,F  ,      2261
CT   , 70-74,M  ,       940
CT   , 75+  ,F  ,      4767
CT   , 75+  ,M  ,      1624
DC   ,  <05 ,F  ,       288
DC   ,  <05 ,M  ,       313
DC   , 05-12,F  ,       606
DC   , 05-12,M  ,      1288
DC   , 13-17,F  ,       649
DC   , 13-17,M  ,      1247
DC   , 18-21,F  ,       577
DC   , 18-21,M  ,       964
DC   , 22-25,F  ,       471
DC   , 22-25,M  ,       599
DC   , 26-29,F  ,       359
DC   , 26-29,M  ,       399
DC   , 30-39,F  ,       817
DC   , 30-39,M  ,       838
DC   , 40-49,F  ,      1858
DC   , 40-49,M  ,      1428
DC   , 50-59,F  ,      2866
DC   , 50-59,M  ,      2639
DC   , 60-64,F  ,       992
DC   , 60-64,M  ,       984
DC   , 65-69,F  ,       793
DC   , 65-69,M  ,       594
DC   , 70-74,F  ,       638
DC   , 70-74,M  ,       366
DC   , 75+  ,F  ,      1399
DC   , 75+  ,M  ,       399
DE   ,  <05 ,F  ,       238
DE   ,  <05 ,M  ,       280
DE   , 05-12,F  ,       547
DE   , 05-12,M  ,      1227
DE   , 13-17,F  ,       404
DE   , 13-17,M  ,       930
DE   , 18-21,F  ,       389
DE   , 18-21,M  ,       656
DE   , 22-25,F  ,       380
DE   , 22-25,M  ,       425
DE   , 26-29,F  ,       335
DE   , 26-29,M  ,       350
DE   , 30-39,F  ,       709
DE   , 30-39,M  ,       597
DE   , 40-49,F  ,      1274
DE   , 40-49,M  ,       795
DE   , 50-59,F  ,      1730
DE   , 50-59,M  ,      1043
DE   , 60-64,F  ,       627
DE   , 60-64,M  ,       312
DE   , 65-69,F  ,       543
DE   , 65-69,M  ,       237
DE   , 70-74,F  ,       458
DE   , 70-74,M  ,       172
DE   , 75+  ,F  ,       873
DE   , 75+  ,M  ,       273
FL   ,  <05 ,F  ,      5760
FL   ,  <05 ,M  ,      8372
FL   , 05-12,F  ,     14125
FL   , 05-12,M  ,     31938
FL   , 13-17,F  ,     10565
FL   , 13-17,M  ,     22168
FL   , 18-21,F  ,      8380
FL   , 18-21,M  ,     13097
FL   , 22-25,F  ,      7242
FL   , 22-25,M  ,      9295
FL   , 26-29,F  ,      6545
FL   , 26-29,M  ,      7779
FL   , 30-39,F  ,     15711
FL   , 30-39,M  ,     14814
FL   , 40-49,F  ,     27512
FL   , 40-49,M  ,     19781
FL   , 50-59,F  ,     41572
FL   , 50-59,M  ,     30363
FL   , 60-64,F  ,     19182
FL   , 60-64,M  ,     12123
FL   , 65-69,F  ,     24809
FL   , 65-69,M  ,     13493
FL   , 70-74,F  ,     25569
FL   , 70-74,M  ,     12276
FL   , 75+  ,F  ,     59133
FL   , 75+  ,M  ,     22759
GA   ,  <05 ,F  ,      3579
GA   ,  <05 ,M  ,      4329
GA   , 05-12,F  ,      6707
GA   , 05-12,M  ,     13208
GA   , 13-17,F  ,      4387
GA   , 13-17,M  ,      8944
GA   , 18-21,F  ,      4559
GA   , 18-21,M  ,      7239
GA   , 22-25,F  ,      4178
GA   , 22-25,M  ,      5216
GA   , 26-29,F  ,      3893
GA   , 26-29,M  ,      4458
GA   , 30-39,F  ,     10340
GA   , 30-39,M  ,      9215
GA   , 40-49,F  ,     17393
GA   , 40-49,M  ,     11605
GA   , 50-59,F  ,     25034
GA   , 50-59,M  ,     16972
GA   , 60-64,F  ,     10924
GA   , 60-64,M  ,      6449
GA   , 65-69,F  ,      9843
GA   , 65-69,M  ,      4861
GA   , 70-74,F  ,      8063
GA   , 70-74,M  ,      3424
GA   , 75+  ,F  ,     18707
GA   , 75+  ,M  ,      4971
HI   ,  <05 ,F  ,       128
HI   ,  <05 ,M  ,       188
HI   , 05-12,F  ,       295
HI   , 05-12,M  ,       530
HI   , 13-17,F  ,       193
HI   , 13-17,M  ,       387
HI   , 18-21,F  ,       285
HI   , 18-21,M  ,       455
HI   , 22-25,F  ,       279
HI   , 22-25,M  ,       434
HI   , 26-29,F  ,       331
HI   , 26-29,M  ,       407
HI   , 30-39,F  ,       924
HI   , 30-39,M  ,       941
HI   , 40-49,F  ,      1712
HI   , 40-49,M  ,      1624
HI   , 50-59,F  ,      2557
HI   , 50-59,M  ,      2646
HI   , 60-64,F  ,      1048
HI   , 60-64,M  ,       968
HI   , 65-69,F  ,      1091
HI   , 65-69,M  ,       709
HI   , 70-74,F  ,      1170
HI   , 70-74,M  ,       551
HI   , 75+  ,F  ,      3646
HI   , 75+  ,M  ,      1398
IA   ,  <05 ,F  ,       548
IA   ,  <05 ,M  ,       787
IA   , 05-12,F  ,      1192
IA   , 05-12,M  ,      2674
IA   , 13-17,F  ,       863
IA   , 13-17,M  ,      1879
IA   , 18-21,F  ,      1301
IA   , 18-21,M  ,      1935
IA   , 22-25,F  ,      1266
IA   , 22-25,M  ,      1613
IA   , 26-29,F  ,      1150
IA   , 26-29,M  ,      1449
IA   , 30-39,F  ,      2843
IA   , 30-39,M  ,      2524
IA   , 40-49,F  ,      4124
IA   , 40-49,M  ,      2882
IA   , 50-59,F  ,      5263
IA   , 50-59,M  ,      3460
IA   , 60-64,F  ,      1904
IA   , 60-64,M  ,      1103
IA   , 65-69,F  ,      1510
IA   , 65-69,M  ,       801
IA   , 70-74,F  ,      1118
IA   , 70-74,M  ,       560
IA   , 75+  ,F  ,      2095
IA   , 75+  ,M  ,       790
ID   ,  <05 ,F  ,       326
ID   ,  <05 ,M  ,       486
ID   , 05-12,F  ,       897
ID   , 05-12,M  ,      1888
ID   , 13-17,F  ,       577
ID   , 13-17,M  ,      1103
ID   , 18-21,F  ,       760
ID   , 18-21,M  ,      1025
ID   , 22-25,F  ,       730
ID   , 22-25,M  ,       866
ID   , 26-29,F  ,       695
ID   , 26-29,M  ,       750
ID   , 30-39,F  ,      1788
ID   , 30-39,M  ,      1445
ID   , 40-49,F  ,      2370
ID   , 40-49,M  ,      1404
ID   , 50-59,F  ,      2933
ID   , 50-59,M  ,      1773
ID   , 60-64,F  ,      1104
ID   , 60-64,M  ,       584
ID   , 65-69,F  ,       906
ID   , 65-69,M  ,       425
ID   , 70-74,F  ,       640
ID   , 70-74,M  ,       293
ID   , 75+  ,F  ,      1058
ID   , 75+  ,M  ,       410
IL   ,  <05 ,F  ,      2895
IL   ,  <05 ,M  ,      4003
IL   , 05-12,F  ,      6944
IL   , 05-12,M  ,     14396
IL   , 13-17,F  ,      5449
IL   , 13-17,M  ,     11064
IL   , 18-21,F  ,      5912
IL   , 18-21,M  ,      8824
IL   , 22-25,F  ,      5727
IL   , 22-25,M  ,      7175
IL   , 26-29,F  ,      5349
IL   , 26-29,M  ,      6374
IL   , 30-39,F  ,     12689
IL   , 30-39,M  ,     12518
IL   , 40-49,F  ,     19284
IL   , 40-49,M  ,     15618
IL   , 50-59,F  ,     27647
IL   , 50-59,M  ,     22275
IL   , 60-64,F  ,     11765
IL   , 60-64,M  ,      7441
IL   , 65-69,F  ,     10295
IL   , 65-69,M  ,      5538
IL   , 70-74,F  ,     10027
IL   , 70-74,M  ,      4875
IL   , 75+  ,F  ,     21094
IL   , 75+  ,M  ,      8101
IN   ,  <05 ,F  ,      1701
IN   ,  <05 ,M  ,      2310
IN   , 05-12,F  ,      4273
IN   , 05-12,M  ,      9029
IN   , 13-17,F  ,      2740
IN   , 13-17,M  ,      5654
IN   , 18-21,F  ,      2957
IN   , 18-21,M  ,      4360
IN   , 22-25,F  ,      2907
IN   , 22-25,M  ,      3625
IN   , 26-29,F  ,      2803
IN   , 26-29,M  ,      3070
IN   , 30-39,F  ,      7438
IN   , 30-39,M  ,      6001
IN   , 40-49,F  ,     10631
IN   , 40-49,M  ,      7009
IN   , 50-59,F  ,     13251
IN   , 50-59,M  ,      8437
IN   , 60-64,F  ,      4657
IN   , 60-64,M  ,      2393
IN   , 65-69,F  ,      3133
IN   , 65-69,M  ,      1479
IN   , 70-74,F  ,      2176
IN   , 70-74,M  ,      1017
IN   , 75+  ,F  ,      3822
IN   , 75+  ,M  ,      1157
KS   ,  <05 ,F  ,       626
KS   ,  <05 ,M  ,       900
KS   , 05-12,F  ,      1428
KS   , 05-12,M  ,      3027
KS   , 13-17,F  ,       925
KS   , 13-17,M  ,      1859
KS   , 18-21,F  ,      1116
KS   , 18-21,M  ,      1659
KS   , 22-25,F  ,      1120
KS   , 22-25,M  ,      1435
KS   , 26-29,F  ,      1080
KS   , 26-29,M  ,      1234
KS   , 30-39,F  ,      2609
KS   , 30-39,M  ,      2228
KS   , 40-49,F  ,      3902
KS   , 40-49,M  ,      2649
KS   , 50-59,F  ,      5015
KS   , 50-59,M  ,      3370
KS   , 60-64,F  ,      1844
KS   , 60-64,M  ,      1093
KS   , 65-69,F  ,      1438
KS   , 65-69,M  ,       744
KS   , 70-74,F  ,      1144
KS   , 70-74,M  ,       545
KS   , 75+  ,F  ,      2077
KS   , 75+  ,M  ,       774
KY   ,  <05 ,F  ,      1543
KY   ,  <05 ,M  ,      2185
KY   , 05-12,F  ,      4922
KY   , 05-12,M  ,     10734
KY   , 13-17,F  ,      3577
KY   , 13-17,M  ,      7367
KY   , 18-21,F  ,      3277
KY   , 18-21,M  ,      4971
KY   , 22-25,F  ,      3191
KY   , 22-25,M  ,      3940
KY   , 26-29,F  ,      3438
KY   , 26-29,M  ,      3655
KY   , 30-39,F  ,     11457
KY   , 30-39,M  ,      9375
KY   , 40-49,F  ,     19041
KY   , 40-49,M  ,     13725
KY   , 50-59,F  ,     22825
KY   , 50-59,M  ,     15945
KY   , 60-64,F  ,      9374
KY   , 60-64,M  ,      5506
KY   , 65-69,F  ,      7054
KY   , 65-69,M  ,      4126
KY   , 70-74,F  ,      5290
KY   , 70-74,M  ,      2906
KY   , 75+  ,F  ,      9368
KY   , 75+  ,M  ,      3536
LA   ,  <05 ,F  ,      2387
LA   ,  <05 ,M  ,      3336
LA   , 05-12,F  ,      6023
LA   , 05-12,M  ,     12148
LA   , 13-17,F  ,      3884
LA   , 13-17,M  ,      7773
LA   , 18-21,F  ,      3490
LA   , 18-21,M  ,      5172
LA   , 22-25,F  ,      3285
LA   , 22-25,M  ,      4002
LA   , 26-29,F  ,      3313
LA   , 26-29,M  ,      3473
LA   , 30-39,F  ,      8268
LA   , 30-39,M  ,      7169
LA   , 40-49,F  ,     13591
LA   , 40-49,M  ,      9648
LA   , 50-59,F  ,     19531
LA   , 50-59,M  ,     13334
LA   , 60-64,F  ,      8084
LA   , 60-64,M  ,      4564
LA   , 65-69,F  ,      6676
LA   , 65-69,M  ,      3109
LA   , 70-74,F  ,      5443
LA   , 70-74,M  ,      2148
LA   , 75+  ,F  ,     11951
LA   , 75+  ,M  ,      2867
MA   ,  <05 ,F  ,      1383
MA   ,  <05 ,M  ,      2123
MA   , 05-12,F  ,      3473
MA   , 05-12,M  ,      7758
MA   , 13-17,F  ,      2729
MA   , 13-17,M  ,      5736
MA   , 18-21,F  ,      3423
MA   , 18-21,M  ,      5194
MA   , 22-25,F  ,      3824
MA   , 22-25,M  ,      4301
MA   , 26-29,F  ,      3680
MA   , 26-29,M  ,      3536
MA   , 30-39,F  ,     10020
MA   , 30-39,M  ,      7603
MA   , 40-49,F  ,     16955
MA   , 40-49,M  ,     11081
MA   , 50-59,F  ,     20898
MA   , 50-59,M  ,     14166
MA   , 60-64,F  ,      9231
MA   , 60-64,M  ,      5324
MA   , 65-69,F  ,      8411
MA   , 65-69,M  ,      4440
MA   , 70-74,F  ,      7772
MA   , 70-74,M  ,      4044
MA   , 75+  ,F  ,     18510
MA   , 75+  ,M  ,      7383
MD   ,  <05 ,F  ,      1268
MD   ,  <05 ,M  ,      1576
MD   , 05-12,F  ,      2515
MD   , 05-12,M  ,      5574
MD   , 13-17,F  ,      1912
MD   , 13-17,M  ,      4044
MD   , 18-21,F  ,      2402
MD   , 18-21,M  ,      4031
MD   , 22-25,F  ,      2398
MD   , 22-25,M  ,      3243
MD   , 26-29,F  ,      2023
MD   , 26-29,M  ,      2368
MD   , 30-39,F  ,      4141
MD   , 30-39,M  ,      4120
MD   , 40-49,F  ,      8061
MD   , 40-49,M  ,      6392
MD   , 50-59,F  ,     10952
MD   , 50-59,M  ,      8529
MD   , 60-64,F  ,      4170
MD   , 60-64,M  ,      2867
MD   , 65-69,F  ,      3788
MD   , 65-69,M  ,      1978
MD   , 70-74,F  ,      3968
MD   , 70-74,M  ,      1695
MD   , 75+  ,F  ,      9884
MD   , 75+  ,M  ,      3487
ME   ,  <05 ,F  ,       180
ME   ,  <05 ,M  ,       297
ME   , 05-12,F  ,       586
ME   , 05-12,M  ,      1380
ME   , 13-17,F  ,       451
ME   , 13-17,M  ,      1006
ME   , 18-21,F  ,       699
ME   , 18-21,M  ,      1136
ME   , 22-25,F  ,       886
ME   , 22-25,M  ,      1052
ME   , 26-29,F  ,       890
ME   , 26-29,M  ,       950
ME   , 30-39,F  ,      2514
ME   , 30-39,M  ,      2132
ME   , 40-49,F  ,      3804
ME   , 40-49,M  ,      2589
ME   , 50-59,F  ,      4236
ME   , 50-59,M  ,      2967
ME   , 60-64,F  ,      1544
ME   , 60-64,M  ,       900
ME   , 65-69,F  ,      1164
ME   , 65-69,M  ,       620
ME   , 70-74,F  ,       909
ME   , 70-74,M  ,       452
ME   , 75+  ,F  ,      1660
ME   , 75+  ,M  ,       482
MI   ,  <05 ,F  ,      2537
MI   ,  <05 ,M  ,      3493
MI   , 05-12,F  ,      6474
MI   , 05-12,M  ,     13897
MI   , 13-17,F  ,      4963
MI   , 13-17,M  ,     10090
MI   , 18-21,F  ,      5884
MI   , 18-21,M  ,      9094
MI   , 22-25,F  ,      5531
MI   , 22-25,M  ,      7268
MI   , 26-29,F  ,      5449
MI   , 26-29,M  ,      5973
MI   , 30-39,F  ,     13919
MI   , 30-39,M  ,     12615
MI   , 40-49,F  ,     21409
MI   , 40-49,M  ,     16205
MI   , 50-59,F  ,     29476
MI   , 50-59,M  ,     22579
MI   , 60-64,F  ,     11263
MI   , 60-64,M  ,      7003
MI   , 65-69,F  ,      8293
MI   , 65-69,M  ,      4616
MI   , 70-74,F  ,      6324
MI   , 70-74,M  ,      3255
MI   , 75+  ,F  ,     11514
MI   , 75+  ,M  ,      4425
MN   ,  <05 ,F  ,      1016
MN   ,  <05 ,M  ,      1347
MN   , 05-12,F  ,      2008
MN   , 05-12,M  ,      4485
MN   , 13-17,F  ,      1303
MN   , 13-17,M  ,      2825
MN   , 18-21,F  ,      2052
MN   , 18-21,M  ,      3201
MN   , 22-25,F  ,      2246
MN   , 22-25,M  ,      2742
MN   , 26-29,F  ,      2089
MN   , 26-29,M  ,      2268
MN   , 30-39,F  ,      4523
MN   , 30-39,M  ,      3758
MN   , 40-49,F  ,      6725
MN   , 40-49,M  ,      4772
MN   , 50-59,F  ,      8550
MN   , 50-59,M  ,      6286
MN   , 60-64,F  ,      3566
MN   , 60-64,M  ,      2072
MN   , 65-69,F  ,      3257
MN   , 65-69,M  ,      1951
MN   , 70-74,F  ,      2879
MN   , 70-74,M  ,      1695
MN   , 75+  ,F  ,      6029
MN   , 75+  ,M  ,      2837
MO   ,  <05 ,F  ,      1549
MO   ,  <05 ,M  ,      2163
MO   , 05-12,F  ,      3587
MO   , 05-12,M  ,      7780
MO   , 13-17,F  ,      2583
MO   , 13-17,M  ,      5134
MO   , 18-21,F  ,      2840
MO   , 18-21,M  ,      4327
MO   , 22-25,F  ,      2783
MO   , 22-25,M  ,      3554
MO   , 26-29,F  ,      2816
MO   , 26-29,M  ,      3124
MO   , 30-39,F  ,      7798
MO   , 30-39,M  ,      6551
MO   , 40-49,F  ,     12833
MO   , 40-49,M  ,      8893
MO   , 50-59,F  ,     15955
MO   , 50-59,M  ,     11508
MO   , 60-64,F  ,      5673
MO   , 60-64,M  ,      3314
MO   , 65-69,F  ,      4152
MO   , 65-69,M  ,      2192
MO   , 70-74,F  ,      3054
MO   , 70-74,M  ,      1523
MO   , 75+  ,F  ,      6104
MO   , 75+  ,M  ,      2053
MP   ,  <05 ,F  ,         8
MP   ,  <05 ,M  ,        34
MP   , 05-12,F  ,        54
MP   , 05-12,M  ,       114
MP   , 13-17,F  ,        42
MP   , 13-17,M  ,        68
MP   , 18-21,F  ,        21
MP   , 18-21,M  ,        47
MP   , 22-25,F  ,        20
MP   , 22-25,M  ,        21
MP   , 26-29,F  ,         8
MP   , 26-29,M  ,        21
MP   , 30-39,F  ,        38
MP   , 30-39,M  ,        48
MP   , 40-49,F  ,        46
MP   , 40-49,M  ,        42
MP   , 50-59,F  ,        56
MP   , 50-59,M  ,        37
MP   , 60-64,F  ,        32
MP   , 60-64,M  ,        19
MP   , 65-69,F  ,        24
MP   , 65-69,M  ,        13
MP   , 70-74,F  ,        24
MP   , 70-74,M  ,        23
MP   , 75+  ,F  ,        44
MP   , 75+  ,M  ,        33
MS   ,  <05 ,F  ,      1701
MS   ,  <05 ,M  ,      2170
MS   , 05-12,F  ,      3933
MS   , 05-12,M  ,      7920
MS   , 13-17,F  ,      2723
MS   , 13-17,M  ,      5573
MS   , 18-21,F  ,      2132
MS   , 18-21,M  ,      3575
MS   , 22-25,F  ,      1841
MS   , 22-25,M  ,      2329
MS   , 26-29,F  ,      2122
MS   , 26-29,M  ,      2379
MS   , 30-39,F  ,      6745
MS   , 30-39,M  ,      5548
MS   , 40-49,F  ,     10469
MS   , 40-49,M  ,      6689
MS   , 50-59,F  ,     14341
MS   , 50-59,M  ,      8842
MS   , 60-64,F  ,      5759
MS   , 60-64,M  ,      3108
MS   , 65-69,F  ,      4708
MS   , 65-69,M  ,      2301
MS   , 70-74,F  ,      4058
MS   , 70-74,M  ,      1594
MS   , 75+  ,F  ,     10522
MS   , 75+  ,M  ,      2487
MT   ,  <05 ,F  ,       206
MT   ,  <05 ,M  ,       281
MT   , 05-12,F  ,       426
MT   , 05-12,M  ,       806
MT   , 13-17,F  ,       263
MT   , 13-17,M  ,       541
MT   , 18-21,F  ,       379
MT   , 18-21,M  ,       530
MT   , 22-25,F  ,       401
MT   , 22-25,M  ,       534
MT   , 26-29,F  ,       361
MT   , 26-29,M  ,       420
MT   , 30-39,F  ,       939
MT   , 30-39,M  ,       852
MT   , 40-49,F  ,      1510
MT   , 40-49,M  ,      1121
MT   , 50-59,F  ,      2148
MT   , 50-59,M  ,      1589
MT   , 60-64,F  ,       872
MT   , 60-64,M  ,       528
MT   , 65-69,F  ,       644
MT   , 65-69,M  ,       435
MT   , 70-74,F  ,       489
MT   , 70-74,M  ,       276
MT   , 75+  ,F  ,       690
MT   , 75+  ,M  ,       291
NC   ,  <05 ,F  ,      3079
NC   ,  <05 ,M  ,      4243
NC   , 05-12,F  ,      6425
NC   , 05-12,M  ,     13569
NC   , 13-17,F  ,      4678
NC   , 13-17,M  ,      9773
NC   , 18-21,F  ,      4423
NC   , 18-21,M  ,      7228
NC   , 22-25,F  ,      4256
NC   , 22-25,M  ,      5643
NC   , 26-29,F  ,      3998
NC   , 26-29,M  ,      4780
NC   , 30-39,F  ,     10449
NC   , 30-39,M  ,      9170
NC   , 40-49,F  ,     17316
NC   , 40-49,M  ,     11521
NC   , 50-59,F  ,     22774
NC   , 50-59,M  ,     15961
NC   , 60-64,F  ,      9819
NC   , 60-64,M  ,      5882
NC   , 65-69,F  ,      7943
NC   , 65-69,M  ,      4221
NC   , 70-74,F  ,      6573
NC   , 70-74,M  ,      2994
NC   , 75+  ,F  ,     18064
NC   , 75+  ,M  ,      4661
ND   ,  <05 ,F  ,        71
ND   ,  <05 ,M  ,       111
ND   , 05-12,F  ,       201
ND   , 05-12,M  ,       369
ND   , 13-17,F  ,       107
ND   , 13-17,M  ,       230
ND   , 18-21,F  ,       173
ND   , 18-21,M  ,       308
ND   , 22-25,F  ,       232
ND   , 22-25,M  ,       256
ND   , 26-29,F  ,       183
ND   , 26-29,M  ,       200
ND   , 30-39,F  ,       501
ND   , 30-39,M  ,       460
ND   , 40-49,F  ,       658
ND   , 40-49,M  ,       504
ND   , 50-59,F  ,       863
ND   , 50-59,M  ,       643
ND   , 60-64,F  ,       391
ND   , 60-64,M  ,       219
ND   , 65-69,F  ,       313
ND   , 65-69,M  ,       179
ND   , 70-74,F  ,       228
ND   , 70-74,M  ,       148
ND   , 75+  ,F  ,       531
ND   , 75+  ,M  ,       223
NE   ,  <05 ,F  ,       394
NE   ,  <05 ,M  ,       477
NE   , 05-12,F  ,       644
NE   , 05-12,M  ,      1303
NE   , 13-17,F  ,       431
NE   , 13-17,M  ,       822
NE   , 18-21,F  ,       644
NE   , 18-21,M  ,       990
NE   , 22-25,F  ,       648
NE   , 22-25,M  ,       895
NE   , 26-29,F  ,       698
NE   , 26-29,M  ,       801
NE   , 30-39,F  ,      1511
NE   , 30-39,M  ,      1326
NE   , 40-49,F  ,      2286
NE   , 40-49,M  ,      1513
NE   , 50-59,F  ,      2770
NE   , 50-59,M  ,      1881
NE   , 60-64,F  ,      1085
NE   , 60-64,M  ,       604
NE   , 65-69,F  ,       834
NE   , 65-69,M  ,       414
NE   , 70-74,F  ,       653
NE   , 70-74,M  ,       303
NE   , 75+  ,F  ,      1294
NE   , 75+  ,M  ,       454
NH   ,  <05 ,F  ,       134
NH   ,  <05 ,M  ,       174
NH   , 05-12,F  ,       369
NH   , 05-12,M  ,       831
NH   , 13-17,F  ,       280
NH   , 13-17,M  ,       612
NH   , 18-21,F  ,       582
NH   , 18-21,M  ,       905
NH   , 22-25,F  ,       729
NH   , 22-25,M  ,       798
NH   , 26-29,F  ,       654
NH   , 26-29,M  ,       564
NH   , 30-39,F  ,      1477
NH   , 30-39,M  ,       918
NH   , 40-49,F  ,      1818
NH   , 40-49,M  ,      1046
NH   , 50-59,F  ,      1856
NH   , 50-59,M  ,      1174
NH   , 60-64,F  ,       628
NH   , 60-64,M  ,       383
NH   , 65-69,F  ,       455
NH   , 65-69,M  ,       209
NH   , 70-74,F  ,       321
NH   , 70-74,M  ,       155
NH   , 75+  ,F  ,       636
NH   , 75+  ,M  ,       207
NJ   ,  <05 ,F  ,      1573
NJ   ,  <05 ,M  ,      2293
NJ   , 05-12,F  ,      3698
NJ   , 05-12,M  ,      8467
NJ   , 13-17,F  ,      2809
NJ   , 13-17,M  ,      6044
NJ   , 18-21,F  ,      3091
NJ   , 18-21,M  ,      5070
NJ   , 22-25,F  ,      2807
NJ   , 22-25,M  ,      3755
NJ   , 26-29,F  ,      2403
NJ   , 26-29,M  ,      2933
NJ   , 30-39,F  ,      6186
NJ   , 30-39,M  ,      6116
NJ   , 40-49,F  ,     10735
NJ   , 40-49,M  ,      7846
NJ   , 50-59,F  ,     15932
NJ   , 50-59,M  ,     11187
NJ   , 60-64,F  ,      7684
NJ   , 60-64,M  ,      4191
NJ   , 65-69,F  ,      8540
NJ   , 65-69,M  ,      3943
NJ   , 70-74,F  ,      8973
NJ   , 70-74,M  ,      3897
NJ   , 75+  ,F  ,     20800
NJ   , 75+  ,M  ,      7618
NM   ,  <05 ,F  ,       616
NM   ,  <05 ,M  ,       855
NM   , 05-12,F  ,      1556
NM   , 05-12,M  ,      3176
NM   , 13-17,F  ,      1001
NM   , 13-17,M  ,      1899
NM   , 18-21,F  ,      1047
NM   , 18-21,M  ,      1430
NM   , 22-25,F  ,      1028
NM   , 22-25,M  ,      1325
NM   , 26-29,F  ,      1080
NM   , 26-29,M  ,      1217
NM   , 30-39,F  ,      2634
NM   , 30-39,M  ,      2523
NM   , 40-49,F  ,      4254
NM   , 40-49,M  ,      3438
NM   , 50-59,F  ,      6023
NM   , 50-59,M  ,      4650
NM   , 60-64,F  ,      2815
NM   , 60-64,M  ,      1748
NM   , 65-69,F  ,      2710
NM   , 65-69,M  ,      1774
NM   , 70-74,F  ,      2539
NM   , 70-74,M  ,      1604
NM   , 75+  ,F  ,      5200
NM   , 75+  ,M  ,      2356
NV   ,  <05 ,F  ,       623
NV   ,  <05 ,M  ,       881
NV   , 05-12,F  ,      1291
NV   , 05-12,M  ,      2568
NV   , 13-17,F  ,       788
NV   , 13-17,M  ,      1573
NV   , 18-21,F  ,       853
NV   , 18-21,M  ,      1330
NV   , 22-25,F  ,       696
NV   , 22-25,M  ,       994
NV   , 26-29,F  ,       662
NV   , 26-29,M  ,       815
NV   , 30-39,F  ,      1640
NV   , 30-39,M  ,      1353
NV   , 40-49,F  ,      2813
NV   , 40-49,M  ,      2001
NV   , 50-59,F  ,      3949
NV   , 50-59,M  ,      2828
NV   , 60-64,F  ,      1701
NV   , 60-64,M  ,      1022
NV   , 65-69,F  ,      1786
NV   , 65-69,M  ,      1062
NV   , 70-74,F  ,      1746
NV   , 70-74,M  ,       994
NV   , 75+  ,F  ,      3592
NV   , 75+  ,M  ,      1447
NY   ,  <05 ,F  ,      5273
NY   ,  <05 ,M  ,      8546
NY   , 05-12,F  ,     13064
NY   , 05-12,M  ,     29572
NY   , 13-17,F  ,      8937
NY   , 13-17,M  ,     18140
NY   , 18-21,F  ,      8768
NY   , 18-21,M  ,     14032
NY   , 22-25,F  ,      9141
NY   , 22-25,M  ,     11796
NY   , 26-29,F  ,      8902
NY   , 26-29,M  ,     10481
NY   , 30-39,F  ,     24470
NY   , 30-39,M  ,     24499
NY   , 40-49,F  ,     44947
NY   , 40-49,M  ,     36663
NY   , 50-59,F  ,     65090
NY   , 50-59,M  ,     49759
NY   , 60-64,F  ,     33200
NY   , 60-64,M  ,     21100
NY   , 65-69,F  ,     36085
NY   , 65-69,M  ,     20052
NY   , 70-74,F  ,     37481
NY   , 70-74,M  ,     20169
NY   , 75+  ,F  ,     85778
NY   , 75+  ,M  ,     35246
OH   ,  <05 ,F  ,      3322
OH   ,  <05 ,M  ,      4536
OH   , 05-12,F  ,      7765
OH   , 05-12,M  ,     16644
OH   , 13-17,F  ,      5470
OH   , 13-17,M  ,     10956
OH   , 18-21,F  ,      6035
OH   , 18-21,M  ,      9306
OH   , 22-25,F  ,      6150
OH   , 22-25,M  ,      7343
OH   , 26-29,F  ,      6159
OH   , 26-29,M  ,      6552
OH   , 30-39,F  ,     16769
OH   , 30-39,M  ,     14279
OH   , 40-49,F  ,     25839
OH   , 40-49,M  ,     18403
OH   , 50-59,F  ,     35494
OH   , 50-59,M  ,     24812
OH   , 60-64,F  ,     13411
OH   , 60-64,M  ,      7502
OH   , 65-69,F  ,      9391
OH   , 65-69,M  ,      4582
OH   , 70-74,F  ,      6937
OH   , 70-74,M  ,      3044
OH   , 75+  ,F  ,     11280
OH   , 75+  ,M  ,      3589
OK   ,  <05 ,F  ,      1105
OK   ,  <05 ,M  ,      1472
OK   , 05-12,F  ,      2977
OK   , 05-12,M  ,      6262
OK   , 13-17,F  ,      2018
OK   , 13-17,M  ,      3888
OK   , 18-21,F  ,      2061
OK   , 18-21,M  ,      2956
OK   , 22-25,F  ,      2051
OK   , 22-25,M  ,      2342
OK   , 26-29,F  ,      1995
OK   , 26-29,M  ,      2140
OK   , 30-39,F  ,      5297
OK   , 30-39,M  ,      4225
OK   , 40-49,F  ,      8176
OK   , 40-49,M  ,      5495
OK   , 50-59,F  ,     10691
OK   , 50-59,M  ,      7463
OK   , 60-64,F  ,      4129
OK   , 60-64,M  ,      2374
OK   , 65-69,F  ,      3191
OK   , 65-69,M  ,      1699
OK   , 70-74,F  ,      2385
OK   , 70-74,M  ,      1140
OK   , 75+  ,F  ,      4625
OK   , 75+  ,M  ,      1564
OR   ,  <05 ,F  ,       725
OR   ,  <05 ,M  ,       956
OR   , 05-12,F  ,      1564
OR   , 05-12,M  ,      3388
OR   , 13-17,F  ,      1092
OR   , 13-17,M  ,      2259
OR   , 18-21,F  ,      1521
OR   , 18-21,M  ,      2360
OR   , 22-25,F  ,      1513
OR   , 22-25,M  ,      2080
OR   , 26-29,F  ,      1452
OR   , 26-29,M  ,      1724
OR   , 30-39,F  ,      3648
OR   , 30-39,M  ,      3282
OR   , 40-49,F  ,      6045
OR   , 40-49,M  ,      4305
OR   , 50-59,F  ,      9111
OR   , 50-59,M  ,      6538
OR   , 60-64,F  ,      3831
OR   , 60-64,M  ,      2244
OR   , 65-69,F  ,      3046
OR   , 65-69,M  ,      1750
OR   , 70-74,F  ,      2519
OR   , 70-74,M  ,      1395
OR   , 75+  ,F  ,      4415
OR   , 75+  ,M  ,      1988
PA   ,  <05 ,F  ,      3136
PA   ,  <05 ,M  ,      4878
PA   , 05-12,F  ,     11073
PA   , 05-12,M  ,     25242
PA   , 13-17,F  ,      8768
PA   , 13-17,M  ,     17007
PA   , 18-21,F  ,      7647
PA   , 18-21,M  ,     11147
PA   , 22-25,F  ,      7659
PA   , 22-25,M  ,      8567
PA   , 26-29,F  ,      7212
PA   , 26-29,M  ,      7003
PA   , 30-39,F  ,     18671
PA   , 30-39,M  ,     14694
PA   , 40-49,F  ,     30617
PA   , 40-49,M  ,     20705
PA   , 50-59,F  ,     39333
PA   , 50-59,M  ,     27490
PA   , 60-64,F  ,     16231
PA   , 60-64,M  ,      9332
PA   , 65-69,F  ,     12770
PA   , 65-69,M  ,      6633
PA   , 70-74,F  ,     10094
PA   , 70-74,M  ,      5311
PA   , 75+  ,F  ,     19770
PA   , 75+  ,M  ,      6949
RI   ,  <05 ,F  ,       274
RI   ,  <05 ,M  ,       395
RI   , 05-12,F  ,       691
RI   , 05-12,M  ,      1645
RI   , 13-17,F  ,       537
RI   , 13-17,M  ,      1065
RI   , 18-21,F  ,       581
RI   , 18-21,M  ,       989
RI   , 22-25,F  ,       670
RI   , 22-25,M  ,       792
RI   , 26-29,F  ,       597
RI   , 26-29,M  ,       692
RI   , 30-39,F  ,      1711
RI   , 30-39,M  ,      1565
RI   , 40-49,F  ,      2946
RI   , 40-49,M  ,      2055
RI   , 50-59,F  ,      3801
RI   , 50-59,M  ,      2359
RI   , 60-64,F  ,      1487
RI   , 60-64,M  ,       782
RI   , 65-69,F  ,      1311
RI   , 65-69,M  ,       684
RI   , 70-74,F  ,      1132
RI   , 70-74,M  ,       506
RI   , 75+  ,F  ,      2619
RI   , 75+  ,M  ,       873
SC   ,  <05 ,F  ,      1722
SC   ,  <05 ,M  ,      2202
SC   , 05-12,F  ,      3157
SC   , 05-12,M  ,      6670
SC   , 13-17,F  ,      2168
SC   , 13-17,M  ,      4361
SC   , 18-21,F  ,      2149
SC   , 18-21,M  ,      3232
SC   , 22-25,F  ,      1885
SC   , 22-25,M  ,      2476
SC   , 26-29,F  ,      1929
SC   , 26-29,M  ,      2254
SC   , 30-39,F  ,      5287
SC   , 30-39,M  ,      4693
SC   , 40-49,F  ,      9026
SC   , 40-49,M  ,      5912
SC   , 50-59,F  ,     12951
SC   , 50-59,M  ,      8861
SC   , 60-64,F  ,      5411
SC   , 60-64,M  ,      3232
SC   , 65-69,F  ,      4420
SC   , 65-69,M  ,      2262
SC   , 70-74,F  ,      3440
SC   , 70-74,M  ,      1484
SC   , 75+  ,F  ,      8755
SC   , 75+  ,M  ,      2071
SD   ,  <05 ,F  ,       196
SD   ,  <05 ,M  ,       267
SD   , 05-12,F  ,       402
SD   , 05-12,M  ,       854
SD   , 13-17,F  ,       243
SD   , 13-17,M  ,       469
SD   , 18-21,F  ,       311
SD   , 18-21,M  ,       489
SD   , 22-25,F  ,       329
SD   , 22-25,M  ,       401
SD   , 26-29,F  ,       288
SD   , 26-29,M  ,       371
SD   , 30-39,F  ,       684
SD   , 30-39,M  ,       637
SD   , 40-49,F  ,       988
SD   , 40-49,M  ,       720
SD   , 50-59,F  ,      1304
SD   , 50-59,M  ,       991
SD   , 60-64,F  ,       601
SD   , 60-64,M  ,       359
SD   , 65-69,F  ,       581
SD   , 65-69,M  ,       357
SD   , 70-74,F  ,       443
SD   , 70-74,M  ,       270
SD   , 75+  ,F  ,       955
SD   , 75+  ,M  ,       338
TN   ,  <05 ,F  ,      1962
TN   ,  <05 ,M  ,      2552
TN   , 05-12,F  ,      3995
TN   , 05-12,M  ,      8136
TN   , 13-17,F  ,      2841
TN   , 13-17,M  ,      5556
TN   , 18-21,F  ,      2993
TN   , 18-21,M  ,      4545
TN   , 22-25,F  ,      3032
TN   , 22-25,M  ,      3833
TN   , 26-29,F  ,      3059
TN   , 26-29,M  ,      3487
TN   , 30-39,F  ,      9695
TN   , 30-39,M  ,      8375
TN   , 40-49,F  ,     16774
TN   , 40-49,M  ,     11374
TN   , 50-59,F  ,     21317
TN   , 50-59,M  ,     14867
TN   , 60-64,F  ,      8673
TN   , 60-64,M  ,      5012
TN   , 65-69,F  ,      6518
TN   , 65-69,M  ,      3604
TN   , 70-74,F  ,      5239
TN   , 70-74,M  ,      2445
TN   , 75+  ,F  ,     11424
TN   , 75+  ,M  ,      3195
TX   ,  <05 ,F  ,      7334
TX   ,  <05 ,M  ,      9854
TX   , 05-12,F  ,     21740
TX   , 05-12,M  ,     47845
TX   , 13-17,F  ,     14614
TX   , 13-17,M  ,     28357
TX   , 18-21,F  ,     11786
TX   , 18-21,M  ,     17274
TX   , 22-25,F  ,     10368
TX   , 22-25,M  ,     12961
TX   , 26-29,F  ,     10006
TX   , 26-29,M  ,     10766
TX   , 30-39,F  ,     24800
TX   , 30-39,M  ,     21366
TX   , 40-49,F  ,     37679
TX   , 40-49,M  ,     26974
TX   , 50-59,F  ,     55074
TX   , 50-59,M  ,     38353
TX   , 60-64,F  ,     26034
TX   , 60-64,M  ,     15471
TX   , 65-69,F  ,     27496
TX   , 65-69,M  ,     14729
TX   , 70-74,F  ,     25711
TX   , 70-74,M  ,     13511
TX   , 75+  ,F  ,     60101
TX   , 75+  ,M  ,     26359
UT   ,  <05 ,F  ,       524
UT   ,  <05 ,M  ,       643
UT   , 05-12,F  ,       833
UT   , 05-12,M  ,      1742
UT   , 13-17,F  ,       501
UT   , 13-17,M  ,      1052
UT   , 18-21,F  ,       805
UT   , 18-21,M  ,      1164
UT   , 22-25,F  ,       850
UT   , 22-25,M  ,      1020
UT   , 26-29,F  ,       810
UT   , 26-29,M  ,       857
UT   , 30-39,F  ,      1774
UT   , 30-39,M  ,      1545
UT   , 40-49,F  ,      2100
UT   , 40-49,M  ,      1351
UT   , 50-59,F  ,      2757
UT   , 50-59,M  ,      1632
UT   , 60-64,F  ,      1084
UT   , 60-64,M  ,       522
UT   , 65-69,F  ,       881
UT   , 65-69,M  ,       440
UT   , 70-74,F  ,       777
UT   , 70-74,M  ,       370
UT   , 75+  ,F  ,      1423
UT   , 75+  ,M  ,       622
VA   ,  <05 ,F  ,      1562
VA   ,  <05 ,M  ,      2008
VA   , 05-12,F  ,      3733
VA   , 05-12,M  ,      8254
VA   , 13-17,F  ,      2884
VA   , 13-17,M  ,      5641
VA   , 18-21,F  ,      3416
VA   , 18-21,M  ,      5270
VA   , 22-25,F  ,      3290
VA   , 22-25,M  ,      3997
VA   , 26-29,F  ,      2977
VA   , 26-29,M  ,      3260
VA   , 30-39,F  ,      7312
VA   , 30-39,M  ,      6097
VA   , 40-49,F  ,     11742
VA   , 40-49,M  ,      7841
VA   , 50-59,F  ,     14971
VA   , 50-59,M  ,     10393
VA   , 60-64,F  ,      6258
VA   , 60-64,M  ,      3525
VA   , 65-69,F  ,      5768
VA   , 65-69,M  ,      2860
VA   , 70-74,F  ,      5377
VA   , 70-74,M  ,      2452
VA   , 75+  ,F  ,     13018
VA   , 75+  ,M  ,      4399
VT   ,  <05 ,F  ,        74
VT   ,  <05 ,M  ,       131
VT   , 05-12,F  ,       293
VT   , 05-12,M  ,       666
VT   , 13-17,F  ,       240
VT   , 13-17,M  ,       457
VT   , 18-21,F  ,       407
VT   , 18-21,M  ,       577
VT   , 22-25,F  ,       421
VT   , 22-25,M  ,       511
VT   , 26-29,F  ,       436
VT   , 26-29,M  ,       403
VT   , 30-39,F  ,      1009
VT   , 30-39,M  ,       762
VT   , 40-49,F  ,      1485
VT   , 40-49,M  ,       978
VT   , 50-59,F  ,      1730
VT   , 50-59,M  ,      1172
VT   , 60-64,F  ,       650
VT   , 60-64,M  ,       400
VT   , 65-69,F  ,       532
VT   , 65-69,M  ,       277
VT   , 70-74,F  ,       433
VT   , 70-74,M  ,       179
VT   , 75+  ,F  ,       782
VT   , 75+  ,M  ,       284
WA   ,  <05 ,F  ,      1357
WA   ,  <05 ,M  ,      1808
WA   , 05-12,F  ,      2811
WA   , 05-12,M  ,      5935
WA   , 13-17,F  ,      1785
WA   , 13-17,M  ,      3542
WA   , 18-21,F  ,      2426
WA   , 18-21,M  ,      3963
WA   , 22-25,F  ,      2797
WA   , 22-25,M  ,      3617
WA   , 26-29,F  ,      2897
WA   , 26-29,M  ,      3327
WA   , 30-39,F  ,      7102
WA   , 30-39,M  ,      6176
WA   , 40-49,F  ,     11579
WA   , 40-49,M  ,      8136
WA   , 50-59,F  ,     15738
WA   , 50-59,M  ,     11529
WA   , 60-64,F  ,      6550
WA   , 60-64,M  ,      3824
WA   , 65-69,F  ,      5312
WA   , 65-69,M  ,      2916
WA   , 70-74,F  ,      5088
WA   , 70-74,M  ,      2780
WA   , 75+  ,F  ,      9589
WA   , 75+  ,M  ,      4863
WI   ,  <05 ,F  ,      1350
WI   ,  <05 ,M  ,      2017
WI   , 05-12,F  ,      3253
WI   , 05-12,M  ,      7289
WI   , 13-17,F  ,      2143
WI   , 13-17,M  ,      4535
WI   , 18-21,F  ,      2824
WI   , 18-21,M  ,      4267
WI   , 22-25,F  ,      2781
WI   , 22-25,M  ,      3437
WI   , 26-29,F  ,      2732
WI   , 26-29,M  ,      2768
WI   , 30-39,F  ,      6408
WI   , 30-39,M  ,      5169
WI   , 40-49,F  ,      9187
WI   , 40-49,M  ,      6346
WI   , 50-59,F  ,     11007
WI   , 50-59,M  ,      7620
WI   , 60-64,F  ,      4124
WI   , 60-64,M  ,      2351
WI   , 65-69,F  ,      3165
WI   , 65-69,M  ,      1680
WI   , 70-74,F  ,      2283
WI   , 70-74,M  ,      1237
WI   , 75+  ,F  ,      5526
WI   , 75+  ,M  ,      1977
WV   ,  <05 ,F  ,       492
WV   ,  <05 ,M  ,       763
WV   , 05-12,F  ,      1467
WV   , 05-12,M  ,      2993
WV   , 13-17,F  ,      1149
WV   , 13-17,M  ,      2329
WV   , 18-21,F  ,      1130
WV   , 18-21,M  ,      1814
WV   , 22-25,F  ,      1406
WV   , 22-25,M  ,      1640
WV   , 26-29,F  ,      1576
WV   , 26-29,M  ,      1695
WV   , 30-39,F  ,      5277
WV   , 30-39,M  ,      4647
WV   , 40-49,F  ,      8546
WV   , 40-49,M  ,      6809
WV   , 50-59,F  ,     10594
WV   , 50-59,M  ,      7630
WV   , 60-64,F  ,      4258
WV   , 60-64,M  ,      2509
WV   , 65-69,F  ,      2728
WV   , 65-69,M  ,      1598
WV   , 70-74,F  ,      1953
WV   , 70-74,M  ,      1166
WV   , 75+  ,F  ,      3017
WV   , 75+  ,M  ,      1149
WY   ,  <05 ,F  ,        82
WY   ,  <05 ,M  ,        95
WY   , 05-12,F  ,       152
WY   , 05-12,M  ,       320
WY   , 13-17,F  ,       118
WY   , 13-17,M  ,       204
WY   , 18-21,F  ,       160
WY   , 18-21,M  ,       250
WY   , 22-25,F  ,       160
WY   , 22-25,M  ,       233
WY   , 26-29,F  ,       205
WY   , 26-29,M  ,       188
WY   , 30-39,F  ,       422
WY   , 30-39,M  ,       314
WY   , 40-49,F  ,       597
WY   , 40-49,M  ,       348
WY   , 50-59,F  ,       823
WY   , 50-59,M  ,       430
WY   , 60-64,F  ,       329
WY   , 60-64,M  ,       149
WY   , 65-69,F  ,       211
WY   , 65-69,M  ,        97
WY   , 70-74,F  ,       127
WY   , 70-74,M  ,        57
WY   , 75+  ,F  ,       220
WY   , 75+  ,M  ,        78
